id_plant,date,ID_trt,block,plant,n_trt,drought,tmp,VPD,DAD,Cumul_FC,Cumul_N,Cumul_DD,time,machine,anet_420,ci_420,gs_420,vpd_leaf,temperature_leaf,vcmax_tleaf,vcmax_tleaf_se,jmax_tleaf,jmax_tleaf_se,rd_tleaf,rd_tleaf_se,TPU,TPU_se,aci_RMSE,aci_ci_transistion,aci_ci_transition_set,aci_km,aci_gammastar,aci_fitmethod,aci_tcorrect,aci_fittpu,deltaC13,percentage_C,percentage_N,total_leaves,stem,rep_org,senescence,roots,transpiration
hn_b1_p1,25-May,B1,1,1,HN,predrought,29.16,1.95,0,14.75409836,525,0,t1,stan,43.44622657,272.1831214,0.999341127,1.516286084,25.01026349,189.9546245,1.294906594,355.1627292,NA,1.610358333,0.240224848,17.62880377,NA,3.0819235,299.0250005,NA,710.9533037,42.77252897,bilinear,FALSE,TRUE,-31.3,28.44846281,4.193493266,,,,,,
hn_b1_p2,25-May,B1,1,2,HN,predrought,29.16,1.95,0,14.75409836,525,0,t1,gibson,47.22565334,256.6082686,0.946120793,1.529372625,25.02939543,232.9964798,1.66099415,493.5211759,NA,5.514140617,0.294228048,21.87434359,NA,5.175917297,292.4303012,NA,712.1297927,42.81445942,bilinear,FALSE,TRUE,-29.57,42.94430601,5.867567454,,,,,,
hn_b1_p3,25-May,B1,1,3,HN,predrought,29.16,1.95,0,14.75409836,525,0,t1,gibson,40.70699294,259.8004208,0.744641873,1.519017476,25.01194884,204.0616725,1.846703347,401.8588121,NA,6.189130384,0.338908665,18.57702715,NA,16.24679127,304.3172458,NA,711.0547367,42.77618223,bilinear,FALSE,TRUE,-30.75,39.19223818,5.500028707,,,,,,
hn_b1_p4,25-May,B1,1,4,HN,predrought,29.16,1.95,0,14.75409836,525,0,t1,stan,35.40015353,248.3835922,0.526843968,1.505410867,24.99792355,198.2340267,4.111982137,380.5292056,NA,7.195389068,0.735574333,18.75574406,NA,8.310259838,300.5642482,NA,710.193447,42.74546524,bilinear,FALSE,TRUE,-30.05,40.67266454,6.208265963,,,,,,
hn_b1_p5,25-May,B1,1,5,HN,predrought,29.16,1.95,0,14.75409836,525,0,t1,stan,25.45108551,238.3112136,0.303976378,1.480899215,24.98849082,168.8377355,5.591208543,329.0624797,NA,9.377326095,1.059591593,17.70400736,NA,12.96763422,341.2869538,NA,709.6153331,42.72482754,bilinear,FALSE,TRUE,-30.12,37.40844714,4.640784972,,,,,,
hn_b1_p6,25-May,B1,1,6,HN,predrought,29.16,1.95,0,14.75409836,525,0,t1,gibson,37.15986274,251.5564266,0.584457486,1.491524844,24.99009862,216.2030472,4.547439049,521.9084409,NA,8.656541607,0.886768054,24.42296442,NA,11.34273494,359.6641938,NA,709.7148448,42.72836309,bilinear,FALSE,TRUE,-30.53,41.40366838,6.558488658,,,,,,
hn_b1_p7,25-May,B1,1,7,HN,predrought,29.16,1.95,0,14.75409836,525,0,t1,gibson,26.54072792,309.8419401,0.746593012,1.508165448,25.00670865,106.7862908,1.031180776,193.1491064,NA,1.244302067,0.215279914,NA,NA,5.293049679,359.086513,NA,710.7321405,42.76469098,bilinear,FALSE,TRUE,-31.6,40.85862562,6.28787192,,,,,,
hn_b1_p8,25-May,B1,1,8,HN,predrought,29.16,1.95,0,14.75409836,525,0,t1,stan,47.24632998,248.0390364,0.848014546,1.511314593,25.02719907,237.32845,2.066583275,492.4520965,NA,4.233559602,0.356373645,19.97908593,NA,14.62384905,280.8145032,NA,711.9911123,42.80957943,bilinear,FALSE,TRUE,-29.92,40.90085066,5.773565917,,,,,,
hn_b5_p1,25-May,B5,5,1,HN,predrought,29.16,1.95,0,14.75409836,525,0,t1,gibson,43.22529256,274.2777821,1.019629562,1.506628397,25.00921637,189.3335834,2.00358867,346.9357307,NA,1.574548462,0.364997105,21.39119838,NA,5.292059676,291.1263018,NA,710.8869822,42.77019864,bilinear,FALSE,TRUE,-31.04,21.72613262,2.888148225,,,,,,
hn_b5_p2,25-May,B5,5,2,HN,predrought,29.16,1.95,0,14.75409836,525,0,t1,gibson,43.89753534,257.8369289,0.832351323,1.512694458,25.02848238,203.4281794,1.960304138,367.9318884,NA,1.674293132,0.340148248,19.07593203,NA,7.137564783,273.0556823,NA,712.0705452,42.81240147,bilinear,FALSE,TRUE,-31.17,40.83164403,5.664069171,,,,,,
hn_b5_p3,25-May,B5,5,3,HN,predrought,29.16,1.95,0,14.75409836,525,0,t1,stan,38.59464593,257.0521485,0.659799835,1.496646422,25.00615183,194.6174897,2.275653387,394.054979,NA,4.723522603,0.426717086,18.5528064,NA,10.11635705,327.3641343,NA,710.6982081,42.76347629,bilinear,FALSE,TRUE,-30.6,40.83582614,5.454602757,,,,,,
hn_b5_p4,25-May,B5,5,4,HN,predrought,29.16,1.95,0,14.75409836,525,0,t1,stan,28.57145402,265.728745,0.455725965,1.502971039,24.995109,128.520155,1.012643323,216.8641549,NA,1.257639475,0.185985982,14.25785386,NA,3.325959884,300.7879136,NA,710.0217451,42.73932196,bilinear,FALSE,TRUE,-31.9,42.1919708,6.164527179,,,,,,
hn_b5_p5,25-May,B5,5,5,HN,predrought,29.16,1.95,0,14.75409836,525,0,t1,gibson,16.55573053,261.228559,0.212708261,1.487571604,24.99469198,93.91758266,2.508744137,175.3122228,NA,4.165435857,0.512072582,NA,NA,7.640263452,392.0532994,NA,709.9950192,42.73838813,bilinear,FALSE,TRUE,-29.97,42.54362292,5.240395204,,,,,,
hn_b5_p6,25-May,B5,5,6,HN,predrought,29.16,1.95,0,14.75409836,525,0,t1,stan,45.50443924,256.953561,0.881852219,1.500169893,24.99288255,216.7874814,2.266769483,435.2674454,NA,3.856246262,0.416242938,19.00691556,NA,8.187443782,295.2759565,NA,709.884727,42.73444041,bilinear,FALSE,TRUE,-33.1,22.09461438,3.232227557,,,,,,
hn_b5_p7,25-May,B5,5,7,HN,predrought,29.16,1.95,0,14.75409836,525,0,t1,gibson,49.94385094,270.825776,1.282898423,1.265660727,24.9918872,245.8501395,3.269277243,505.8000215,NA,6.58611943,0.515281449,20.42712083,NA,20.04546019,267.0332327,NA,710.2313886,42.73971629,bilinear,FALSE,TRUE,-30.58,43.09163888,5.14828186,,,,,,
hn_b5_p8,25-May,B5,5,8,HN,predrought,29.16,1.95,0,14.75409836,525,0,t1,gibson,39.72079323,257.3919405,0.69688227,1.495879118,25.00154569,190.0671116,1.569570696,353.572751,NA,2.798303836,0.27744208,18.10479274,NA,5.298035306,296.4968671,NA,710.415692,42.75339465,bilinear,FALSE,TRUE,-32.02,40.3205247,4.270941751,,,,,,
hn_b6_p1,25-May,B6,6,1,HN,predrought,29.16,1.95,0,14.75409836,525,0,t1,stan,41.95168491,243.4393087,0.670314991,1.501189281,24.99745808,207.1651635,1.786563473,400.9085178,NA,2.59044554,0.309802425,19.55755549,NA,4.377228005,293.6004852,NA,710.1648349,42.74444529,bilinear,FALSE,TRUE,-31.12,37.30227897,5.335885234,,,,,,
hn_b6_p2,25-May,B6,6,2,HN,predrought,29.16,1.95,0,14.75409836,525,0,t1,gibson,35.28919305,283.7381277,0.79318512,1.501657295,25.01403083,144.9451793,2.304598102,242.5101242,NA,-0.005228159,0.3832071,15.37637151,NA,6.731750891,285.9112078,NA,711.1817313,42.78072624,bilinear,FALSE,TRUE,-33.18,41.6426077,5.171270377,,,,,,
hn_b6_p3,25-May,B6,6,3,HN,predrought,29.16,1.95,0,14.75409836,525,0,t1,stan,21.67497883,336.547247,1.021784612,1.519453546,25.0326251,74.08801282,1.970993124,114.4605757,NA,-1.557546169,0.327937634,8.314994219,NA,3.335618116,282.1207406,NA,712.3250649,42.82147664,bilinear,FALSE,TRUE,-33.19,40.82081985,6.299491951,,,,,,
hn_b6_p4,25-May,B6,6,4,HN,predrought,29.16,1.95,0,14.75409836,525,0,t1,stan,37.57241121,248.9718517,0.587594587,1.499079156,24.9971463,182.7193888,1.401669663,339.0863084,NA,2.526217503,0.250866301,16.4083129,NA,10.68319986,302.8084993,NA,710.146349,42.74377458,bilinear,FALSE,TRUE,-31.12,41.32238809,5.632888336,,,,,,
hn_b6_p5,25-May,B6,6,5,HN,predrought,29.16,1.95,0,14.75409836,525,0,t1,stan,32.04034453,253.1401216,0.480344364,1.4985003,25.00091144,158.3616403,2.535833355,284.689508,NA,3.257836267,0.462950672,17.1977258,NA,5.854993561,311.0605914,NA,710.3779109,42.75202701,bilinear,FALSE,TRUE,-32.83,41.22978235,5.25059056,,,,,,
hn_b6_p6,25-May,B6,6,6,HN,predrought,29.16,1.95,0,14.75409836,525,0,t1,gibson,48.93842624,264.5962588,1.078962964,1.282216203,24.93090957,222.9999562,6.02383256,483.8198079,NA,3.452435632,1.158118424,19.06824718,NA,25.27252971,310.8036741,NA,706.7181939,42.61042012,bilinear,FALSE,TRUE,-30.18,42.3435233,4.944577976,,,,,,
hn_b6_p7,25-May,B6,6,7,HN,predrought,29.16,1.95,0,14.75409836,525,0,t1,gibson,48.79613537,259.6469811,1.047463222,1.337471576,24.92373776,224.5538324,4.466537295,521.6182916,NA,3.806473634,0.869101666,21.62853149,NA,19.67441036,329.6418385,NA,706.1205202,42.59186609,bilinear,FALSE,TRUE,-31.27,43.48065305,5.405982743,,,,,,
hn_b6_p8,25-May,B6,6,8,HN,predrought,29.16,1.95,0,14.75409836,525,0,t1,stan,24.92215097,322.2667935,0.905103391,1.518062539,25.02019602,88.18736458,1.201986737,154.7772712,NA,-1.190532993,0.255494489,NA,NA,2.904986814,352.9181062,NA,711.5598966,42.79422068,bilinear,FALSE,TRUE,-32.37,37.3884704,5.252771522,,,,,,
ln_b7_p1,24-May,B7,7,1,LN,predrought,29.16,1.95,0,13.7704918,175,0,t1,gibson,31.98753499,299.8927153,0.877164396,1.512289684,25.00631168,128.3512623,1.486526222,219.9458576,NA,0.507496711,0.276486356,12.83916667,NA,5.621409106,309.6866866,NA,710.7083503,42.76383235,bilinear,FALSE,TRUE,-31.43,40.97390203,3.58565844,,,,,,
ln_b7_p2,24-May,B7,7,2,LN,predrought,29.16,1.95,0,13.7704918,175,0,t1,gibson,29.79363837,299.9298787,0.765333634,1.511949004,25.01707979,123.3556283,0.909966162,220.8306714,NA,2.324639564,0.184948893,13.40967241,NA,7.544015648,339.3132929,NA,711.3740422,42.78749684,bilinear,FALSE,TRUE,-33.41,42.28120847,3.116855863,,,,,,
ln_b7_p3,24-May,B7,7,3,LN,predrought,29.16,1.95,0,13.7704918,175,0,t1,stan,26.45955416,318.4339396,0.89541764,1.508061466,25.01849376,99.50868144,0.697447514,180.5953447,NA,0.631688539,0.153192349,11.05361914,NA,2.297111359,367.7152541,NA,711.461289,42.79060112,bilinear,FALSE,TRUE,-32.63,40.34171552,2.62260894,,,,,,
ln_b7_p4,24-May,B7,7,4,LN,predrought,29.16,1.95,0,13.7704918,175,0,t1,stan,20.13345662,277.1396617,0.316506988,1.492953431,25.00548427,92.21014644,1.436253774,166.8107895,NA,1.898706473,0.296971034,11.71505154,NA,3.722650252,370.6978485,NA,710.656867,42.7620079,bilinear,FALSE,TRUE,-32.83,40.62330177,4.806355445,,,,,,
ln_b7_p5,24-May,B7,7,5,LN,predrought,29.16,1.95,0,13.7704918,175,0,t1,gibson,31.90480175,270.4430721,0.56394078,1.498267388,24.99659347,150.895524,1.630119628,264.1958276,NA,4.024645036,0.301025147,11.49533415,NA,44.43882874,303.8108859,NA,710.1126668,42.74256873,bilinear,FALSE,TRUE,-30.5,40.40749134,2.785491559,,,,,,
ln_b7_p6,24-May,B7,7,6,LN,predrought,29.16,1.95,0,13.7704918,175,0,t1,stan,14.04312768,210.902248,0.125465774,1.492475502,24.9930548,119.7520755,8.807629052,185.6471885,NA,6.887472609,1.378800702,12.3977886,NA,14.32149463,262.3768528,NA,709.8951337,42.73481451,bilinear,FALSE,TRUE,-30.94,41.26580194,3.145416081,,,,,,
ln_b7_p7,24-May,B7,7,7,LN,predrought,29.16,1.95,0,13.7704918,175,0,t1,stan,23.78014918,235.8105989,0.274584369,1.500048992,25.0016673,145.5700995,3.669078381,244.2669686,NA,5.843855208,0.635919141,12.21247584,NA,8.218646351,286.5615126,NA,710.4228384,42.75365509,bilinear,FALSE,TRUE,-29.72,34.29552425,3.282064033,,,,,,
ln_b7_p8,24-May,B7,7,8,LN,predrought,29.16,1.95,0,13.7704918,175,0,t1,stan,35.96169884,280.8231361,0.794454307,1.496379082,24.99855788,150.0608351,1.494860656,266.2075925,NA,1.500067868,0.289762054,11.97146521,NA,20.98143985,311.3439983,NA,710.23443,42.74689177,bilinear,FALSE,TRUE,-30.85,36.61069099,3.067900408,,,,,,
ln_b2_p1,24-May,B2,2,1,LN,predrought,29.16,1.95,0,13.7704918,175,0,t1,gibson,35.64315877,257.7272281,0.583527595,1.500224997,24.99116875,177.9304874,2.709382286,340.5774023,NA,5.147087968,0.513436524,16.67367682,NA,9.048897412,321.9210044,NA,709.7820865,42.7307348,bilinear,FALSE,TRUE,-31.87,40.2579167,4.065326552,,,,,,
ln_b2_p2,24-May,B2,2,2,LN,predrought,29.16,1.95,0,13.7704918,175,0,t1,stan,33.21117845,286.6415494,1.075211977,1.495787747,25.01395717,138.7462111,1.168432124,198.4876516,NA,0.044507338,0.147896905,12.147564,NA,24.46465562,219.3378068,NA,711.1942089,42.78087478,bilinear,FALSE,TRUE,-32.13,40.95821908,2.670744693,,,,,,
ln_b2_p3,24-May,B2,2,3,LN,predrought,29.16,1.95,0,13.7704918,175,0,t1,gibson,32.10395971,240.4892726,0.425415807,1.499188608,25.00749253,195.5046112,4.511543859,393.7616825,NA,7.242711527,0.831371105,19.22354524,NA,13.22385708,323.9933162,NA,710.7799449,42.76640164,bilinear,FALSE,TRUE,-31.15,41.38314561,4.841454558,,,,,,
ln_b2_p4,24-May,B2,2,4,LN,predrought,29.16,1.95,0,13.7704918,175,0,t1,stan,28.26453348,291.1439984,0.611571354,1.503100312,25.00898522,118.5627294,0.624722662,231.2490841,NA,0.680061121,0.12679131,14.9654937,NA,6.432318726,401.0467769,NA,710.8730768,42.76969771,bilinear,FALSE,TRUE,-33.26,40.10746487,4.429728824,,,,,,
ln_b2_p5,24-May,B2,2,5,LN,predrought,29.16,1.95,0,13.7704918,175,0,t1,gibson,27.3252237,232.5093188,0.319412834,1.49610866,24.99987447,169.4526841,4.234359027,304.1951094,NA,5.051207441,0.771510521,13.86478394,NA,23.92577037,300.3767657,NA,710.3131769,42.74973659,bilinear,FALSE,TRUE,-31.68,38.5554237,3.518057923,,,,,,
ln_b2_p6,24-May,B2,2,6,LN,predrought,29.16,1.95,0,13.7704918,175,0,t1,gibson,42.17295283,277.1714824,1.017934309,1.268642348,25.02182739,189.0328356,4.898075132,393.3123868,NA,3.946683455,0.979703667,18.9656424,NA,19.77838959,347.7086508,NA,712.1773049,42.80723765,bilinear,FALSE,TRUE,-32.02,41.56947324,5.290420573,,,,,,
ln_b2_p7,24-May,B2,2,7,LN,predrought,29.16,1.95,0,13.7704918,175,0,t1,gibson,45.96398059,233.8695453,0.482225205,1.631668886,24.99364218,134.4329596,3.658611938,242.0257587,NA,1.414240722,0.656469247,16.02167325,NA,10.59610945,332.9691229,NA,710.5961026,42.75981477,bilinear,FALSE,TRUE,-32.82,40.53322548,4.724069084,,,,,,
ln_b2_p8,24-May,B2,2,8,LN,predrought,29.16,1.95,0,13.7704918,175,0,t1,stan,26.46421648,241.6091605,0.26150402,1.502715347,24.99733777,171.4231958,1.912980598,263.1103151,NA,-0.023840226,0.264301608,16.73274936,NA,16.33579957,231.8640226,NA,710.2869298,42.74872938,bilinear,FALSE,TRUE,-31,40.72769645,4.434707365,,,,,,
ln_b3_p1,24-May,B3,3,1,LN,predrought,29.16,1.95,0,13.7704918,175,0,t1,stan,29.66469507,277.7375797,0.55028943,1.493590438,24.99537388,139.0694925,2.737005123,252.9411186,NA,5.504533123,0.546150119,12.91388833,NA,6.707130574,334.5073488,NA,710.0420476,42.73997622,bilinear,FALSE,TRUE,-32.77,38.96922896,2.274674711,,,,,,
ln_b3_p2,24-May,B3,3,2,LN,predrought,29.16,1.95,0,13.7704918,175,0,t1,gibson,24.1420067,220.7614296,0.251094291,1.499950131,24.99513686,159.7137434,4.063221815,291.3442599,NA,6.264256436,0.716732067,17.86151735,NA,9.709523051,317.0725347,NA,710.0232034,42.73937834,bilinear,FALSE,TRUE,-32.53,38.95063472,4.354326691,,,,,,
ln_b3_p3,24-May,B3,3,3,LN,predrought,29.16,1.95,0,13.7704918,175,0,t1,gibson,24.61014741,282.7238252,0.442006105,1.496270555,24.99714975,118.429727,1.572447016,222.2406582,NA,3.962671414,0.32917838,13.9181814,NA,5.000796509,373.424038,NA,710.1461817,42.74377518,bilinear,FALSE,TRUE,-33.38,38.93716732,2.782120696,,,,,,
ln_b3_p4,24-May,B3,3,4,LN,predrought,29.16,1.95,0,13.7704918,175,0,t1,stan,35.15682449,291.0311278,0.897863597,1.50120993,24.99605139,145.9014374,1.037631667,242.4905334,NA,2.433655745,0.155872258,11.8591699,NA,6.859451545,281.4837334,NA,710.0794232,42.74138235,bilinear,FALSE,TRUE,-31.68,36.94218569,3.40991764,,,,,,
ln_b3_p5,24-May,B3,3,5,LN,predrought,29.16,1.95,0,13.7704918,175,0,t1,gibson,38.5727036,273.5642783,0.811013817,1.501374096,25.00675796,177.2478088,1.431533296,294.5957718,NA,4.064292267,0.206384815,12.97969113,NA,9.06066122,260.3739296,NA,710.7374068,42.76484002,bilinear,FALSE,TRUE,-30.88,41.51627212,3.715834488,,,,,,
ln_b3_p6,24-May,B3,3,6,LN,predrought,29.16,1.95,0,13.7704918,175,0,t1,stan,33.3932851,256.790311,0.523723934,1.498116494,24.98393686,157.7454848,1.413745495,273.9651,NA,1.826239453,0.258097544,14.89506825,NA,5.794574194,293.9396728,NA,709.337455,42.71488654,bilinear,FALSE,TRUE,-32.14,40.64160184,5.028979646,,,,,,
ln_b3_p7,25-May,B3,3,7,LN,predrought,29.16,1.95,0,13.7704918,175,0,t1,stan,23.28934033,269.9745452,0.364080517,1.499905418,24.98310954,123.3961721,2.470831539,223.4630212,NA,5.846860641,0.491103949,13.8706478,NA,5.763406276,345.2194548,NA,709.2882959,42.71310482,bilinear,FALSE,TRUE,-30.01,37.70843315,4.125266095,,,,,,
ln_b3_p8,24-May,B3,3,8,LN,predrought,29.16,1.95,0,13.7704918,175,0,t1,gibson,32.72686722,277.5863652,0.642819271,1.50119852,25.00901612,148.9574724,1.550197272,273.7719671,NA,4.052006528,0.306298794,13.59684526,NA,12.51636764,331.7212407,NA,710.8743707,42.7697543,bilinear,FALSE,TRUE,-32.05,40.60560557,3.073790406,,,,,,
b1_hn_ww_p1,12-Jun,B1,6,1,HN,WW,29.16,1.95,17,16.72131148,1050,0,t2,gibson,43.61329652,251.4432379,0.767855916,1.501573737,24.99435673,215.4492492,2.389839775,388.5925542,NA,4.77062242,0.382269099,17.02372999,NA,8.904725297,259.9845115,NA,709.9749703,42.73766379,bilinear,FALSE,TRUE,-31,42.36681217,4.160301046,,,,,,
b1_hn_ww_p2,12-Jun,B1,6,2,HN,WW,29.16,1.95,17,16.72131148,1050,0,t2,gibson,39.81283514,273.9472891,0.871686694,1.507925453,25.02780546,180.8711468,1.52679299,315.5784421,NA,3.546379721,0.248605391,15.64858367,NA,7.252518555,278.5728549,NA,712.0310638,42.81095722,bilinear,FALSE,TRUE,-30.24,42.9254014,3.147370818,,,,,,
b1_hn_ww_p3,12-Jun,B1,6,3,HN,WW,29.16,1.95,17,16.72131148,1050,0,t2,gibson,41.6496315,266.9699145,0.862118082,1.508530067,25.01722917,192.2249133,1.719274766,355.8597636,NA,3.729337479,0.313218231,15.66460728,NA,14.33372002,292.761076,NA,711.3801257,42.78776737,bilinear,FALSE,TRUE,-30.23,41.7240032,3.404944466,,,,,,
b1_hn_ww_p4,12-Jun,B1,6,4,HN,WW,29.16,1.95,17,16.72131148,1050,0,t2,gibson,34.97661102,294.0212485,0.946389132,1.501863805,25.00779565,147.2637533,1.824060906,234.1884011,NA,2.000787509,0.267105908,10.68377837,NA,10.53197272,260.2650034,NA,710.799332,42.76707969,bilinear,FALSE,TRUE,-31.27,43.08000946,3.385754776,,,,,,
b1_hn_ww_p5,13-Jun,B1,6,5,HN,WW,29.16,1.95,17,16.72131148,1050,0,t2,gibson,41.16420722,285.9767591,1.13073993,1.3380568,24.98923697,170.1803518,3.090677959,259.7063893,NA,2.043256122,0.505638491,NA,NA,56.64710446,230.047008,NA,710.4396209,42.74070967,bilinear,FALSE,FALSE,-30.54,42.3653956,4.092148227,,,,,,
b1_hn_ww_p6,12-Jun,B1,6,6,HN,WW,29.16,1.95,17,16.72131148,1050,0,t2,gibson,49.43262392,258.9141144,1.080467045,1.452820459,25.03289907,240.3377405,2.001862911,552.1058588,NA,4.9778572,0.358797705,22.01695972,NA,10.71346847,304.3292583,NA,712.3866816,42.82288773,bilinear,FALSE,TRUE,-30.78,42.89329358,4.20391835,,,,,,
b1_hn_ww_p7,12-Jun,B1,6,7,HN,WW,29.16,1.95,17,16.7295082,1050,0,t2,gibson,33.68621587,273.6612864,0.644506871,1.488651664,24.98566642,159.0890314,2.835348796,268.6672317,NA,5.743585065,0.483907522,13.07766019,NA,17.01540244,279.6777242,NA,709.4423849,42.71865091,bilinear,FALSE,TRUE,-31.13,44.31986309,3.398526972,,,,,,
b1_hn_ww_p8,12-Jun,B1,6,8,HN,WW,29.16,1.95,17,16.72131148,1050,0,t2,gibson,43.499439,271.4284816,0.940974346,1.361695134,25.00357657,202.3543912,7.82932023,349.2629583,NA,5.632249546,1.301949833,16.42602105,NA,22.09433149,256.0223565,NA,710.9618448,42.76554784,bilinear,FALSE,TRUE,-29.89,44.52306588,3.467874067,,,,,,
b5_hn_spd_p1,12-Jun,B5,1,1,HN,SPD,29.16,1.95,17,11.21311475,1050,6.541639344,t2,gibson,36.07682917,284.6997301,0.843564151,1.507052451,25.01135531,158.7732846,0.87836787,267.1269762,NA,4.615690363,0.128513189,15.70238521,NA,9.103861961,278.8981817,NA,711.0179857,42.77487678,bilinear,FALSE,TRUE,-30.37,41.10575995,3.137129554,,,,,,
b5_hn_spd_p2,12-Jun,B5,1,2,HN,SPD,29.16,1.95,17,11.57377049,1050,6.197377049,t2,gibson,38.91441115,275.4873482,0.847403585,1.515996067,25.01220857,174.3108437,1.382180786,289.082385,NA,4.282183697,0.211012529,13.91000894,NA,11.79253912,261.663439,NA,711.0938372,42.77717589,bilinear,FALSE,TRUE,-29.89,41.30764863,2.891399833,,,,,,
b5_hn_spd_p3,12-Jun,B5,1,3,HN,SPD,29.16,1.95,17,11.19672131,1050,6.607213115,t2,gibson,31.49998122,289.37035,0.710881697,1.500900295,24.99566376,133.9403862,1.579066484,237.8999424,NA,3.556037144,0.315874342,12.35908907,NA,7.78198068,325.2792179,NA,710.0556011,42.74053307,bilinear,FALSE,TRUE,-30.5,41.89805625,2.670361792,,,,,,
b5_hn_spd_p4,12-Jun,B5,1,4,HN,SPD,29.16,1.95,17,11.78688525,1050,5.902295082,t2,gibson,36.27615543,287.3329919,0.895958288,1.519827012,25.03165758,156.8015726,1.608469728,266.3474015,NA,5.053567941,0.220414616,NA,NA,19.54559457,285.4108289,NA,712.269286,42.81942429,bilinear,FALSE,TRUE,-30.65,43.71646204,3.404803011,,,,,,
b5_hn_spd_p5,19-Jun,B5,1,5,HN,SPD,29.16,1.95,24,17.72131148,1260,5.802295082,t2,stan,34.64818669,287.4822369,0.830065145,1.536491516,25.01399648,149.3133536,1.284144476,265.4267833,NA,2.161627276,0.251383602,15.55416488,NA,3.681591173,313.546583,NA,711.1789872,42.78063937,bilinear,FALSE,TRUE,-32.26,38.80882064,4.497921272,,,,,,
b5_hn_spd_p6,12-Jun,B5,1,6,HN,SPD,29.16,1.95,17,11.06557377,1050,6.689180328,t2,gibson,35.20708135,293.2908605,0.937747421,1.508697759,25.00473175,148.8515756,1.49593454,249.5430141,NA,4.248789004,0.224112082,13.5151836,NA,18.47843895,283.9490109,NA,710.6107034,42.76036068,bilinear,FALSE,TRUE,-30.28,41.56194124,2.937473387,,,,,,
b5_hn_spd_p7,12-Jun,B5,1,7,HN,SPD,29.16,1.95,17,11.01639344,1050,6.754754098,t2,gibson,35.22469245,294.6529287,0.965180135,1.518079703,25.04470834,152.1264177,2.43661908,266.7072604,NA,4.851263609,0.464470808,14.04041259,NA,9.311036311,304.9976115,NA,713.077568,42.84813205,bilinear,FALSE,TRUE,-30.41,40.21368924,2.767753635,,,,,,
b5_hn_spd_p8,12-Jun,B5,1,8,HN,SPD,29.16,1.95,17,11.21311475,1050,6.508852459,t2,gibson,32.34587472,296.2387661,0.844676726,1.508354916,25.01515774,132.5064698,1.084861854,205.7309687,NA,2.354983063,0.174702796,12.13714453,NA,12.47136072,257.3912461,NA,711.2573485,42.78331185,bilinear,FALSE,TRUE,-31.72,42.30638401,2.34591107,,,,,,
b6_hn_fdd_p1,14-Jun,B6,3,1,HN,FDD,29.16,1.95,17,9.213114754,1050,9.410491803,t2,gibson,46.4371493,274.5127537,1.186857166,1.206237973,24.96765919,220.6556091,4.499111174,408.8416425,NA,5.458372014,0.654967741,16.83147005,NA,33.7961962,263.2824107,NA,708.6693606,42.68532449,bilinear,FALSE,TRUE,-30.24,42.85256549,3.897601596,,,,,,
b6_hn_fdd_p2,14-Jun,B6,3,2,HN,FDD,29.16,1.95,17,10.32786885,1050,8.295737705,t2,gibson,39.42263805,270.321211,0.822111695,1.505921196,25.02651791,181.5469314,2.257247627,314.3267792,NA,4.440476872,0.374972112,15.03961948,NA,6.281063194,274.7213123,NA,711.9542393,42.80817843,bilinear,FALSE,TRUE,-30.01,42.6457778,3.027342919,,,,,,
b6_hn_fdd_p3,19-Jun,B6,3,3,HN,FDD,29.16,1.95,24,13.55737705,1260,9.966229508,t2,stan,34.63682953,294.841565,0.935208038,1.508617617,25.01334584,134.1975002,1.946672284,225.7821942,NA,-0.800706131,0.344847536,14.02486588,NA,5.64733788,295.9814707,NA,711.139803,42.77922855,bilinear,FALSE,TRUE,-30.61,41.94493801,4.069616744,,,,,,
b6_hn_fdd_p4,12-Jun,B6,3,4,HN,FDD,29.16,1.95,17,8.344262295,1050,8.860327869,t2,gibson,36.88200431,269.8601712,0.718654396,1.499505653,24.99883752,171.2790853,2.662229586,301.7003923,NA,4.874877577,0.46981685,15.75895349,NA,8.149009274,289.9594022,NA,710.2498495,42.74747199,bilinear,FALSE,TRUE,-30.72,43.18744733,3.552684935,,,,,,
b6_hn_fdd_p5,14-Jun,B6,3,5,HN,FDD,29.16,1.95,17,10.75409836,1050,7.869508197,t2,gibson,40.1012381,275.5728506,0.9204411,1.509348607,25.0297683,177.6296046,2.217590251,333.5826372,NA,3.696801564,0.419592355,16.88050985,NA,5.236225804,314.5278504,NA,712.1524238,42.81527111,bilinear,FALSE,TRUE,-30.87,41.89710068,2.664208625,,,,,,
b6_hn_fdd_p6,14-Jun,B6,3,6,HN,FDD,29.16,1.95,17,8.852459016,1050,9.771147541,t2,gibson,38.36977015,276.7669062,0.85353366,1.519443818,25.06940732,170.8541845,1.879179862,323.5171814,NA,3.548088577,0.360873302,16.3623866,NA,6.680348426,327.0766757,NA,714.6129157,42.90256573,bilinear,FALSE,TRUE,-29.7,43.0864346,2.822616831,,,,,,
b6_hn_fdd_p7,12-Jun,B6,3,7,HN,FDD,29.16,1.95,17,8.032786885,1050,9.139016393,t2,gibson,41.13925783,278.2199178,1.000016269,1.398132598,24.99916718,192.792001,3.950637775,374.7895081,NA,4.487414801,0.762962907,16.15557193,NA,18.67132115,312.0677647,NA,710.8336985,42.75849901,bilinear,FALSE,TRUE,-30.3,42.13362919,2.901486883,,,,,,
b6_hn_fdd_p8,19-Jun,B6,3,8,HN,FDD,29.16,1.95,24,12.20491803,1260,11.31868852,t2,stan,32.07271012,271.5986212,0.580753319,1.490459824,24.9921868,142.4199997,0.720622713,223.942916,NA,1.468066904,0.099410351,11.46651811,NA,6.463340475,257.4106498,NA,709.8423078,42.73292226,bilinear,FALSE,TRUE,-30.39,33.04160511,2.203035002,,,,,,
b7_ln_ww_p1,12-Jun,B7,5,1,LN,WW,29.16,1.95,17,16.97540984,350,0,t2,gibson,24.27896288,310.6332977,0.693348849,1.78777306,25.07004624,104.8016265,2.565821693,153.8936862,NA,2.159399016,0.375206248,9.444286551,NA,11.47389865,245.1385015,NA,714.686882,42.90459734,bilinear,FALSE,TRUE,-30.89,39.89577813,2.170410561,,,,,,
b7_ln_ww_p2,12-Jun,B7,5,2,LN,WW,29.16,1.95,17,16.8442623,350,0,t2,gibson,25.10779218,303.2551377,0.60504372,1.512945522,25.0258004,107.2757322,1.403142674,195.7478477,NA,3.577019015,0.302698293,12.51925528,NA,6.89561018,365.3550457,NA,711.9102098,42.80660765,bilinear,FALSE,TRUE,-32.45,41.2379326,1.91007641,,,,,,
b7_ln_ww_p3,12-Jun,B7,5,3,LN,WW,29.16,1.95,17,17.01639344,350,0,t2,gibson,24.39306136,323.35832,0.86485437,1.499921452,25.00696044,95.38590589,0.995687128,171.2288304,NA,2.457886727,0.217511616,9.79013368,NA,6.430932925,362.8559522,NA,710.7504619,42.76529487,bilinear,FALSE,TRUE,-32.53,39.43309468,2.150057727,,,,,,
b7_ln_ww_p4,12-Jun,B7,5,4,LN,WW,29.16,1.95,17,16.79508197,350,0,t2,gibson,20.47104219,323.2425679,0.629135916,1.51395741,25.02927999,83.77177888,1.034473344,154.7746687,NA,2.860664484,0.233612185,NA,NA,4.706700063,394.0741926,NA,712.126834,42.81428236,bilinear,FALSE,TRUE,-31.87,40.54392836,1.727400541,,,,,,
b7_ln_ww_p5,12-Jun,B7,5,5,LN,WW,29.16,1.95,17,16.72131148,350,0,t2,gibson,26.06309841,301.1547222,0.626265486,1.511714401,25.03718648,100.3265171,2.562639875,159.0965651,NA,3.266295202,0.278411996,NA,NA,28.11383778,284.6997093,NA,712.6222917,42.83177977,bilinear,FALSE,FALSE,-30.48,40.13221043,1.800807992,,,,,,
b7_ln_ww_p6,12-Jun,B7,5,6,LN,WW,29.16,1.95,17,16.72131148,350,0,t2,gibson,24.48773979,325.937387,0.933831267,1.508670171,25.02426193,93.06378471,1.274708387,168.4878621,NA,1.876803053,0.282970563,8.876511043,NA,11.23595303,371.2998774,NA,711.8120103,42.80317001,bilinear,FALSE,TRUE,-30.86,40.88012999,1.445588282,,,,,,
b7_ln_ww_p7,12-Jun,B7,5,7,LN,WW,29.16,1.95,17,16.73770492,350,0,t2,gibson,27.94139644,305.4621467,0.762615061,1.504339473,25.02733059,118.6165565,1.561223011,208.5759001,NA,4.311334812,0.32513387,10.69677117,NA,9.337540033,332.4680794,NA,712.0004159,42.80988998,bilinear,FALSE,TRUE,-31.26,36.90291282,2.610677307,,,,,,
b7_ln_ww_p8,12-Jun,B7,5,8,LN,WW,29.16,1.95,17,16.7295082,350,0,t2,gibson,29.70803402,310.2707148,0.944794785,1.402945776,24.98971994,123.164391,1.474836521,206.8582981,NA,3.56815802,0.271052869,11.33784487,NA,14.72300654,301.6075191,NA,709.853334,42.73049479,bilinear,FALSE,TRUE,-30.88,40.80766096,2.090554325,,,,,,
b2_ln_spd_p1,14-Jun,B2,7,1,LN,SPD,29.16,1.95,19,12.81967213,350,5.803934426,t2,gibson,30.49524072,302.1505133,0.858047216,1.515626968,25.02254021,129.1468755,0.968448982,217.7846308,NA,3.203190181,0.171860302,11.80392398,NA,4.815321608,300.8748222,NA,711.7078598,42.79942825,bilinear,FALSE,TRUE,-31.32,39.15785002,2.181356908,,,,,,
b2_ln_spd_p2,19-Jun,B2,7,2,LN,SPD,29.16,1.95,24,20.19672131,420,3.343278689,t2,stan,20.8459525,336.1853789,0.898211518,1.504638391,25.00918096,75.66382126,1.038874206,125.2554448,NA,0.545450253,0.182197457,7.717386705,NA,3.233411668,321.5244566,NA,710.8847785,42.77012055,bilinear,FALSE,TRUE,-31.66,40.17618578,1.710118419,,,,,,
b2_ln_spd_p3,14-Jun,B2,7,3,LN,SPD,29.16,1.95,19,13.05737705,350,5.566229508,t2,gibson,33.33647001,290.6224032,0.823063861,1.506993266,25.03166455,141.7877907,1.956291525,250.3912929,NA,3.139781128,0.377382329,12.65958388,NA,8.468737959,316.833732,NA,712.2670146,42.81939013,bilinear,FALSE,TRUE,-30.76,40.70483516,2.489037037,,,,,,
b2_ln_spd_p4,19-Jun,B2,7,4,LN,SPD,29.16,1.95,24,17.60655738,420,5.91704918,t2,stan,26.31881225,283.6381992,0.494218689,1.49126992,24.98597775,113.2831766,0.968192747,184.2220097,NA,1.885116017,0.169141903,10.57483142,NA,3.828473481,289.9345673,NA,709.4664915,42.71942437,bilinear,FALSE,TRUE,-30.72,40.29089347,1.876940427,,,,,,
b2_ln_spd_p5,14-Jun,B2,7,5,LN,SPD,29.16,1.95,19,12.95901639,350,5.664590164,t2,gibson,29.29720949,308.0202118,0.901267745,1.507825477,25.0181593,120.864573,0.844120428,193.3329387,NA,2.680266946,0.130429251,9.669522618,NA,8.145922906,278.0599585,NA,711.4377704,42.7898141,bilinear,FALSE,TRUE,-30.63,38.30908669,1.928035658,,,,,,
b2_ln_spd_p6,14-Jun,B2,7,6,LN,SPD,29.16,1.95,19,13.09836066,350,5.525245902,t2,gibson,34.84218055,291.6107551,0.916139011,1.509369667,25.02890008,149.0170865,1.030794911,237.2310077,NA,2.779549796,0.150086991,11.80204082,NA,12.05227445,260.3186532,NA,712.0979437,42.81334832,bilinear,FALSE,TRUE,-30.83,42.04166527,3.014268456,,,,,,
b2_ln_spd_p7,19-Jun,B2,7,7,LN,SPD,29.16,1.95,24,16.79508197,420,6.72852459,t2,stan,23.73029955,300.2602716,0.52831581,1.497564055,24.99250732,95.45735274,0.580935656,154.8558095,NA,1.018244244,0.092234031,9.678246314,NA,3.826231748,298.4443289,NA,709.8627607,42.73363837,bilinear,FALSE,TRUE,-31.36,42.5730923,2.022975548,,,,,,
b2_ln_spd_p8,14-Jun,B2,7,8,LN,SPD,29.16,1.95,19,12.7704918,350,5.853114754,t2,gibson,31.21377251,290.5214173,0.730123443,1.506101969,25.01990079,134.7870623,1.616496831,229.4171301,NA,3.367182767,0.303796659,11.64905669,NA,11.35148094,301.8989096,NA,711.5470705,42.79367133,bilinear,FALSE,TRUE,-31.31,40.43518999,2.299619958,,,,,,
b3_ln_fdd_p1,19-Jun,B3,2,1,LN,FDD,29.16,1.95,24,13.24590164,420,10.27770492,t2,stan,13.93295605,310.6762813,0.290873761,1.501293205,24.99417944,59.8083987,0.999845554,109.4921757,NA,2.018184846,0.227065322,NA,NA,2.882917676,403.6345348,NA,709.9637584,42.73726954,bilinear,FALSE,TRUE,-32.57,40.38327483,1.760366405,,,,,,
b3_ln_fdd_p2,19-Jun,B3,2,2,LN,FDD,29.16,1.95,24,12.59016393,420,10.93344262,t2,stan,24.31968815,308.7488191,0.630322444,1.504041322,25.01873872,95.87584686,0.593645842,163.1394535,NA,0.753958819,0.120157867,NA,NA,4.197186168,327.5593129,NA,711.4728941,42.79107468,bilinear,FALSE,TRUE,-31.88,25.99970294,1.582924901,,,,,,
b3_ln_fdd_p3,19-Jun,B3,2,3,LN,FDD,29.16,1.95,24,20.19672131,420,3.326885246,t2,stan,20.16947987,306.9957606,0.458350936,1.509748868,25.02021195,76.82684278,0.737309316,118.8910897,NA,0.495197035,0.127320957,8.106061554,NA,5.558601346,281.5505836,NA,711.5635522,42.79430467,bilinear,FALSE,TRUE,-31.84,38.57944223,1.50070487,,,,,,
b3_ln_fdd_p4,19-Jun,B3,2,4,LN,FDD,29.16,1.95,24,13.40983607,420,10.11377049,t2,stan,24.61639209,303.3183539,0.586506459,1.498318729,25.0011087,99.17208951,0.875826095,149.5174695,NA,0.498174891,0.128928569,8.046790693,NA,6.056772964,258.1686793,NA,710.3921709,42.75249846,bilinear,FALSE,TRUE,-30.5,38.99433191,1.844960584,,,,,,
b3_ln_fdd_p5,14-Jun,B3,2,5,LN,FDD,29.16,1.95,19,9.524590164,350,9.099016393,t2,gibson,27.65738112,312.5209997,0.880721089,1.504811815,25.00724332,110.1262065,2.00337719,176.2639877,NA,1.495729036,0.311107424,7.687946159,NA,7.954593032,283.7916319,NA,710.7650928,42.76586414,bilinear,FALSE,TRUE,-31.04,41.41954319,2.247300468,,,,,,
b3_ln_fdd_p6,14-Jun,B3,2,6,LN,FDD,29.16,1.95,19,9.967213115,350,8.656393443,t2,gibson,28.48251851,289.3751251,0.615398923,1.511211159,25.03492576,123.8649293,1.29034673,199.7150665,NA,2.722503207,0.221573558,11.36775239,NA,12.23495439,280.9466873,NA,712.472953,42.82663633,bilinear,FALSE,TRUE,-32.02,40.71941085,2.296284122,,,,,,
b3_ln_fdd_p7,19-Jun,B3,2,7,LN,FDD,29.16,1.95,24,15.93442623,420,7.60557377,t2,stan,27.94817717,298.159601,0.666695068,1.509084562,25.04472303,112.88705,0.904995242,163.644665,NA,0.163537618,0.129155137,9.329976261,NA,12.34467582,235.5663825,NA,713.0763415,42.8481253,bilinear,FALSE,TRUE,-29.95,38.99597741,2.44875143,,,,,,
b3_ln_fdd_p8,14-Jun,B3,2,8,LN,FDD,29.16,1.95,19,10.36065574,350,8.26295082,t2,gibson,31.32489711,301.74203,0.892517827,1.404484923,24.95394776,127.208363,0.94655583,207.879552,NA,2.465143125,0.146470866,10.14902309,NA,19.93526408,283.530663,NA,707.8250628,42.65523138,bilinear,FALSE,TRUE,-31.5,41.44424542,2.128363749,,,,,,
b1_hn_ww_p1,24-Jun,B1,5,1,HN,WW,29.16,1.95,29,28.52459016,1365,0,t3,gibson,43.61329652,251.4432379,0.767855916,1.501573737,24.99435673,215.4492492,2.389839775,388.5925542,NA,4.77062242,0.382269099,17.02372999,NA,8.904725297,259.9845115,NA,709.9749703,42.73766379,bilinear,FALSE,TRUE,-30.24,43.65785888,3.303475986,,,,,,
b1_hn_ww_p2,24-Jun,B1,5,2,HN,WW,29.16,1.95,29,28.52459016,1365,0,t3,stan,33.1760016,295.8602574,0.869309615,1.50295363,25.01245246,130.0635722,2.176544112,230.2560303,NA,1.251726519,0.440336807,11.29741201,NA,14.40782112,327.0735206,NA,711.0843781,42.77726162,bilinear,FALSE,TRUE,-30.61,42.47100782,2.632877366,,,,,,
b1_hn_ww_p3,24-Jun,B1,5,3,HN,WW,29.16,1.95,29,28.52459016,1365,0,t3,stan,27.25994475,267.5782938,0.43378921,1.510259115,25.01152414,135.6758651,2.344528367,241.6130436,NA,4.828133662,0.457349925,13.72597205,NA,5.813705896,325.868508,NA,711.0278234,42.77523681,bilinear,FALSE,TRUE,-30.38,40.74482736,3.14611024,,,,,,
b1_hn_ww_p4,24-Jun,B1,5,4,HN,WW,29.16,1.95,29,28.52459016,1365,0,t3,stan,30.8192206,292.049069,0.711555477,1.492758601,24.99346717,127.2060623,1.596845194,218.3363843,NA,2.126741002,0.316748299,9.903790836,NA,12.03898567,310.9901732,NA,709.9205324,42.73571903,bilinear,FALSE,TRUE,-30.83,42.01249765,2.453773412,,,,,,
b1_hn_ww_p5,24-Jun,B1,5,5,HN,WW,29.16,1.95,29,28.52459016,1365,0,t3,stan,29.2662081,285.0754615,0.594256165,1.501331859,25.00058052,133.993591,1.951817517,247.6441817,NA,4.075173324,0.402221464,13.45209606,NA,5.198293209,348.8705303,NA,710.3561792,42.75127638,bilinear,FALSE,TRUE,-30.35,39.75546204,2.947363751,,,,,,
b1_hn_ww_p6,24-Jun,B1,5,6,HN,WW,29.16,1.95,29,28.52459016,1365,0,t3,stan,41.61052071,270.4960886,0.894331957,1.501159718,25.0057303,180.9157782,1.6451914,333.2225905,NA,1.766991059,0.306476263,15.7516611,NA,7.955335789,301.5260727,NA,710.672219,42.76255119,bilinear,FALSE,TRUE,-30.72,41.08320356,2.903384414,,,,,,
b1_hn_ww_p7,25-Jun,B1,5,7,HN,WW,29.16,1.95,29,28.52459016,1365,0,t3,stan,35.81202209,303.3171913,1.178108403,1.429619044,25.01273031,145.4189979,0.927741543,271.4942806,NA,2.072833689,0.192850934,14.19777958,NA,14.38063208,344.1909634,NA,711.192791,42.77953521,bilinear,FALSE,TRUE,-31.25,43.27298406,2.748880093,,,,,,
b1_hn_ww_p8,25-Jun,B1,5,8,HN,WW,29.16,1.95,29,28.52459016,1365,0,t3,stan,34.40694684,294.7504193,0.914966917,1.513982782,25.03236494,147.2160265,1.64947139,272.5347675,NA,2.917228726,0.334040518,12.65663526,NA,11.39410971,338.2449087,NA,712.3122479,42.82096476,bilinear,FALSE,TRUE,-30.32,43.70843945,2.919961606,,,,,,
b5_hn_spd_p1,23-Jun,B5,2,1,HN,SPD,29.16,1.95,29,16.36065574,1365,11.08295082,t3,stan,23.11943326,301.719214,0.519697289,1.515776408,24.99706639,94.17790688,0.869926886,146.0386626,NA,1.519723621,0.148394877,9.618111129,NA,6.069667869,274.4962891,NA,710.1405563,42.74358332,bilinear,FALSE,TRUE,-30.13,40.30669685,2.542368789,,,,,,
b5_hn_spd_p2,23-Jun,B5,2,2,HN,SPD,29.16,1.95,29,16.70491803,1365,10.73868852,t3,stan,28.73002501,269.7385031,0.481105145,1.523056605,25.03350678,146.9040304,2.86127917,263.3047255,NA,6.336573363,0.558367361,13.44513641,NA,6.300879566,320.6495869,NA,712.3805342,42.8234319,bilinear,FALSE,TRUE,-29.58,41.14805233,2.573593687,,,,,,
b5_hn_spd_p3,23-Jun,B5,2,3,HN,SPD,29.16,1.95,29,16.29508197,1365,11.14852459,t3,stan,29.63980552,303.3763691,0.812985929,1.513978148,24.99628065,129.6972664,2.353705693,248.4203098,NA,4.33377084,0.513449685,12.23398061,NA,19.8387343,375.7457137,NA,710.0926664,42.7418691,bilinear,FALSE,TRUE,-30.85,41.5109569,2.146630582,,,,,,
b5_hn_spd_p4,23-Jun,B5,2,4,HN,SPD,29.16,1.95,29,17,1365,10.44360656,t3,stan,32.74087617,272.6441616,0.607040293,1.520780127,25.00487217,161.8329168,3.250384378,312.4296962,NA,6.239446032,0.651223419,15.89608295,NA,7.60451363,345.0342944,NA,710.619322,42.76066813,bilinear,FALSE,TRUE,-29.96,43.4320736,2.827756176,,,,,,
b5_hn_spd_p5,30-Jun,B5,2,5,HN,SPD,29.16,1.95,35,22.7704918,1575,11.53311475,t3,stan,39.53765143,275.6134977,0.879502406,1.504880332,25.01757756,174.8981193,1.796498836,304.0041225,NA,2.733467714,0.315295405,15.57482353,NA,5.420048715,281.5479909,NA,711.4010555,42.78852187,bilinear,FALSE,TRUE,-30.23,39.63315921,3.606189957,,,,,,
b5_hn_spd_p6,23-Jun,B5,2,6,HN,SPD,29.16,1.95,29,16.21311475,1365,11.2304918,t3,stan,31.96210796,293.0178119,0.776343736,1.516176148,25.01563936,129.2800976,0.49556314,207.7217041,NA,1.571448451,0.071591894,10.71305015,NA,9.430879792,275.5838524,NA,711.2822692,42.78428138,bilinear,FALSE,TRUE,-29.8,40.49278323,1.878134591,,,,,,
b5_hn_spd_p7,23-Jun,B5,2,7,HN,SPD,29.16,1.95,29,16.14754098,1365,11.29606557,t3,stan,32.86900254,292.7957371,0.813382749,1.499202034,25.0057358,137.9798029,2.268564375,230.1559283,NA,3.345718514,0.409637549,11.75116481,NA,6.178733514,288.7959197,NA,710.673792,42.76258592,bilinear,FALSE,TRUE,-30.77,41.36472257,2.078737679,,,,,,
b5_hn_spd_p8,23-Jun,B5,2,8,HN,SPD,29.16,1.95,29,16.39344262,1365,11.05016393,t3,stan,33.20887082,289.4126706,0.784059681,1.507825564,25.00811814,144.2720644,1.989373528,265.091495,NA,3.902620757,0.406339671,13.56393397,NA,5.671975436,335.9888325,NA,710.8186807,42.76777762,bilinear,FALSE,TRUE,-30.79,41.72268677,2.085946748,,,,,,
b6_hn_fdd_p1,23-Jun,B6,7,1,HN,FDD,29.16,1.95,29,11.7704918,1365,16.52557377,t3,stan,39.70342896,278.2077722,0.91982087,1.503622185,25.00273105,171.9625769,2.333330928,312.951489,NA,3.369232599,0.453756133,14.4850539,NA,13.43366489,304.5914792,NA,710.4884276,42.75598968,bilinear,FALSE,TRUE,-30.3,41.8787164,2.397423036,,,,,,
b6_hn_fdd_p2,23-Jun,B6,7,2,HN,FDD,29.16,1.95,29,12.90163934,1365,15.39442623,t3,stan,36.20510345,275.0820253,0.73967522,1.50181748,25.00200901,156.2903638,1.957989321,270.9884519,NA,2.377078142,0.356543141,13.99770777,NA,5.200825296,294.8232323,NA,710.443581,42.75439904,bilinear,FALSE,TRUE,-30.09,41.13313565,2.753857077,,,,,,
b6_hn_fdd_p3,30-Jun,B6,7,3,HN,FDD,29.16,1.95,35,16.31147541,1575,17.99213115,t3,stan,40.90873229,272.267145,0.89285282,1.510578844,25.00564347,184.1220084,1.269763262,345.9001231,NA,2.899919297,0.239300822,17.98965695,NA,3.678986011,307.0631339,NA,710.6670296,42.76236365,bilinear,FALSE,TRUE,-30.52,42.2986553,3.282159309,,,,,,
b6_hn_fdd_p4,23-Jun,B6,7,4,HN,FDD,29.16,1.95,29,10.90163934,1365,17.39442623,t3,stan,33.90286487,274.1705729,0.654134607,1.505709439,25.00418145,142.672829,0.706144022,225.1868665,NA,1.282166038,0.107093832,13.64234933,NA,11.21184068,259.3117963,NA,710.5768849,42.75915501,bilinear,FALSE,TRUE,-30.37,42.53744622,2.544752655,,,,,,
b6_hn_fdd_p5,23-Jun,B6,7,5,HN,FDD,29.16,1.95,29,13.47540984,1365,14.82065574,t3,stan,32.87209075,276.5690911,0.641196529,1.50571214,25.01834635,146.2342451,1.68631367,268.0083102,NA,2.869783684,0.335454418,14.1153183,NA,4.965351672,333.036936,NA,711.4487734,42.79021488,bilinear,FALSE,TRUE,-30.03,41.63530897,2.184244283,,,,,,
b6_hn_fdd_p6,23-Jun,B6,7,6,HN,FDD,29.16,1.95,29,11.42622951,1365,16.86983607,t3,stan,35.87744546,271.2654157,0.691831212,1.503543497,25.00838857,167.9244675,3.054899935,316.9259995,NA,4.844187668,0.602016504,16.06845966,NA,7.10532824,326.5636294,NA,710.8386039,42.76843072,bilinear,FALSE,TRUE,-28.91,42.34968488,2.211097705,,,,,,
b6_hn_fdd_p7,24-Jun,B6,7,7,HN,FDD,29.16,1.95,29,10.59016393,1365,17.83344262,t3,stan,42.63580154,273.4511125,0.975496544,1.528014947,25.07136884,184.7472863,1.348538639,352.0870904,NA,1.973804074,0.255027964,17.0652491,NA,7.452787264,314.8864026,NA,714.7377803,42.90694212,bilinear,FALSE,TRUE,-30.01,40.6547237,2.499446666,,,,,,
b6_hn_fdd_p8,30-Jun,B6,7,8,HN,FDD,29.16,1.95,35,14.90983607,1575,19.39377049,t3,stan,33.79005975,279.4621055,0.698501572,1.509439128,25.00965533,156.8115548,1.820680206,286.99782,NA,4.381463329,0.358273144,16.20142756,NA,5.698898676,322.0028557,NA,710.9130513,42.77114374,bilinear,FALSE,TRUE,-30.18,39.3732082,2.311537635,,,,,,
b7_ln_ww_p1,25-Jun,B7,6,1,LN,WW,29.16,1.95,30,29.8442623,455,0,t3,stan,26.78405807,311.6027934,0.778495494,1.491970093,24.97365396,105.6623632,1.596993525,165.7437903,NA,1.772167265,0.245716729,8.358262578,NA,7.709372307,274.5151196,NA,708.7088815,42.69241902,bilinear,FALSE,TRUE,-31.17,41.37716875,1.964835344,,,,,,
b7_ln_ww_p2,25-Jun,B7,6,2,LN,WW,29.16,1.95,30,29.76229508,455,0,t3,stan,24.99620397,301.4203228,0.579394587,1.503432305,25.01769547,107.4310617,2.083834836,186.7243186,NA,4.32368797,0.440940456,9.531004239,NA,7.450387089,333.144278,NA,711.4086907,42.78878733,bilinear,FALSE,TRUE,-30.84,41.37000909,1.502058478,,,,,,
b7_ln_ww_p3,25-Jun,B7,6,3,LN,WW,29.16,1.95,30,29.96721311,455,0,t3,stan,21.68444385,327.1247721,0.729902287,1.42728647,25.00385851,80.82144084,0.758027828,132.6472864,NA,2.618403208,0.142355156,NA,NA,16.07337082,313.3079292,NA,710.5582614,42.75846991,bilinear,FALSE,FALSE,-31.35,39.3340283,1.75679855,,,,,,
b7_ln_ww_p4,25-Jun,B7,6,4,LN,WW,29.16,1.95,30,29.63114754,455,0,t3,stan,28.98819115,314.9892582,0.956060257,1.400612046,25.02116774,114.9091338,0.655231112,196.8745942,NA,4.034953037,0.091776371,NA,NA,27.832834,319.3904437,NA,711.6223117,42.79639913,bilinear,FALSE,FALSE,-31.17,42.04744862,1.576647277,,,,,,
b7_ln_ww_p5,25-Jun,B7,6,5,LN,WW,29.16,1.95,30,29.50819672,455,0,t3,stan,22.66212219,316.9263044,0.645170627,1.509092134,25.02355732,98.01758699,2.361898077,177.8494278,NA,5.017952423,0.526427036,10.23040375,NA,7.054507766,368.939948,NA,711.7712372,42.80167257,bilinear,FALSE,TRUE,-30.32,39.75651782,1.425113056,,,,,,
b7_ln_ww_p6,25-Jun,B7,6,6,LN,WW,29.16,1.95,30,29.50819672,455,0,t3,stan,24.81490923,303.1107991,0.587681854,1.498821643,24.99017371,110.0242572,2.965899207,201.3459543,NA,4.974360366,0.630118904,9.86977849,NA,9.933372419,363.6976222,NA,709.7183898,42.72850795,bilinear,FALSE,TRUE,-30.7,42.27798442,1.383953166,,,,,,
b7_ln_ww_p7,25-Jun,B7,6,7,LN,WW,29.16,1.95,30,29.52459016,455,0,t3,stan,26.27302357,313.7264545,0.785455468,1.499394214,24.99851309,104.7755789,1.798726072,182.9927435,NA,3.352698181,0.386582095,9.810569664,NA,5.691682513,337.4089867,NA,710.2299065,42.74676109,bilinear,FALSE,TRUE,-30.83,38.85568564,1.387939645,,,,,,
b7_ln_ww_p8,25-Jun,B7,6,8,LN,WW,29.16,1.95,30,29.51639344,455,0,t3,stan,22.9186987,325.0504483,0.783907797,1.503239616,24.99925025,92.1928859,2.33576925,157.7826284,NA,4.328199543,0.469386311,NA,NA,20.05252526,332.8772964,NA,710.2757944,42.74838694,bilinear,FALSE,FALSE,-30.92,41.31635307,1.522022749,,,,,,
b2_ln_spd_p1,24-Jun,B2,3,1,LN,SPD,29.16,1.95,30,17.90163934,455,10.88262295,t3,stan,31.93260655,305.336199,0.965193613,1.504177088,25.00501898,126.8320328,0.891452975,209.6244295,NA,1.50796942,0.143382496,10.60562766,NA,9.615716552,291.1413448,NA,710.6286334,42.76099508,bilinear,FALSE,TRUE,-30.68,41.47105751,2.397409411,,,,,,
b2_ln_spd_p2,30-Jun,B2,3,2,LN,SPD,29.16,1.95,35,26.18032787,525,9.123278689,t3,stan,30.49986368,299.6968963,0.800337476,1.503545687,24.9897109,125.707759,1.922603579,219.9247395,NA,3.3659445,0.395542372,11.78782567,NA,5.435013918,322.8333432,NA,709.6899423,42.72749386,bilinear,FALSE,TRUE,-30.72,41.19764365,1.88114345,,,,,,
b2_ln_spd_p3,24-Jun,B2,3,3,LN,SPD,29.16,1.95,30,18.13934426,455,10.61213115,t3,stan,29.46765925,309.2025564,0.894932546,1.514131817,25.01460219,123.1629163,1.960722731,227.2882019,NA,4.055731489,0.423366288,12.19750507,NA,5.502215217,358.5113607,NA,711.2163046,42.78196816,bilinear,FALSE,TRUE,-30.69,41.18799434,2.090454592,,,,,,
b2_ln_spd_p4,30-Jun,B2,3,4,LN,SPD,29.16,1.95,35,23.19672131,525,11.76262295,t3,stan,26.46945397,296.2840025,0.592943641,1.495214855,24.99913369,125.0812344,2.954197493,235.4648654,NA,6.283073425,0.640511039,12.72563729,NA,7.509359521,369.1246912,NA,710.2674737,42.7481103,bilinear,FALSE,TRUE,-30.46,40.46210094,1.682863181,,,,,,
b2_ln_spd_p5,24-Jun,B2,3,5,LN,SPD,29.16,1.95,30,18.04098361,455,10.67770492,t3,stan,26.43232986,309.0820973,0.726839031,1.505941509,25.00471133,104.3247561,1.621174611,174.1513542,NA,2.285704422,0.32483363,8.696939193,NA,5.227426851,310.3645442,NA,710.609489,42.76031668,bilinear,FALSE,TRUE,-30.47,38.51260193,1.616135399,,,,,,
b2_ln_spd_p6,24-Jun,B2,3,6,LN,SPD,29.16,1.95,30,18.18032787,455,10.57114754,t3,stan,30.40005411,301.0435959,0.805594756,1.510381022,25.04362161,125.4000495,0.87775543,189.2191212,NA,1.613455068,0.128560881,9.871498287,NA,8.04965243,248.4040356,NA,713.0102595,42.84574153,bilinear,FALSE,TRUE,-30.37,41.87375434,2.424916262,,,,,,
b2_ln_spd_p7,30-Jun,B2,3,7,LN,SPD,29.16,1.95,35,22.51639344,525,12.73803279,t3,stan,27.42006695,295.6162786,0.620714975,1.500420987,24.99596751,113.8795907,1.775021673,192.9480437,NA,2.870043633,0.343250093,10.65745969,NA,4.689688301,312.7616431,NA,710.0732004,42.74117896,bilinear,FALSE,TRUE,-30.77,41.72548883,1.89153788,,,,,,
b2_ln_spd_p8,24-Jun,B2,3,8,LN,SPD,29.16,1.95,30,17.85245902,455,10.91540984,t3,stan,24.11762103,322.6806276,0.81814571,1.519530219,25.00577098,94.74828789,1.391525775,165.4185419,NA,2.805428419,0.308154946,10.07584409,NA,6.731662773,344.3870583,NA,710.6746164,42.76263843,bilinear,FALSE,TRUE,-30.7,40.71707142,1.586845815,,,,,,
b3_ln_fdd_p1,30-Jun,B3,1,1,LN,FDD,29.16,1.95,35,15.80327869,525,18.50032787,t3,stan,17.59228377,338.5964914,0.688297285,1.502773144,25.00579541,69.51990815,1.629766769,119.304631,NA,3.131482178,0.363074998,NA,NA,8.763008768,348.6934865,NA,710.6762574,42.76269452,bilinear,FALSE,TRUE,-31.95,39.67170191,1.497249399,,,,,,
b3_ln_fdd_p2,30-Jun,B3,1,2,LN,FDD,29.16,1.95,35,15.06557377,525,19.23803279,t3,stan,31.78352568,301.4812035,0.894354653,1.501757239,25.00734152,129.4269471,1.539325167,234.8810282,NA,2.158124382,0.319366198,13.3689212,NA,4.261987603,342.1559448,NA,710.7728104,42.76611016,bilinear,FALSE,TRUE,-31.8,40.17970768,2.402528725,,,,,,
b3_ln_fdd_p3,30-Jun,B3,1,3,LN,FDD,29.16,1.95,35,27.16393443,525,7.139672131,t3,stan,24.75932209,309.6207817,0.658474689,1.497327122,24.99668089,97.55235233,2.053060774,161.7357519,NA,2.671959294,0.391938749,9.303196376,NA,5.654521629,310.0510714,NA,710.1176837,42.74275373,bilinear,FALSE,TRUE,-31.24,37.25375113,1.365976387,,,,,,
b3_ln_fdd_p4,30-Jun,B3,1,4,LN,FDD,29.16,1.95,35,15.50819672,525,18.79540984,t3,stan,30.02504038,306.6883094,0.882618325,1.494003224,24.99236738,121.723412,1.459751148,187.9337283,NA,1.236850493,0.217188693,9.741220139,NA,5.695528532,259.4465086,NA,709.8527196,42.73330531,bilinear,FALSE,TRUE,-30.4,42.73540986,2.156816425,,,,,,
b3_ln_fdd_p5,24-Jun,B3,1,5,LN,FDD,29.16,1.95,30,11.40983607,455,17.01377049,t3,stan,24.0152622,312.9250365,0.662846824,1.517923001,25.03690292,98.41022828,1.253738249,169.4212952,NA,2.824509824,0.266218935,8.794285883,NA,5.646221759,333.9182538,NA,712.5925304,42.83093283,bilinear,FALSE,TRUE,-31.16,41.13269292,1.789398002,,,,,,
b3_ln_fdd_p6,24-Jun,B3,1,6,LN,FDD,29.16,1.95,30,11.93442623,455,16.48918033,t3,stan,33.48090468,298.9603727,0.936325316,1.507783088,25.00819462,132.8328796,1.145077064,224.1238292,NA,1.017238885,0.208550058,10.91425354,NA,8.72604672,298.2461266,NA,710.8258968,42.76799133,bilinear,FALSE,TRUE,-31.01,41.25891244,2.106470118,,,,,,
b3_ln_fdd_p7,30-Jun,B3,1,7,LN,FDD,29.16,1.95,35,18.2295082,525,16.0904918,t3,stan,26.7057474,296.7831499,0.605589147,1.507789309,25.01386197,108.7313188,0.4349393,172.1814062,NA,2.072473654,0.071533038,11.10882191,NA,6.09364863,279.0795386,NA,711.1718139,42.78036472,bilinear,FALSE,TRUE,-29.82,39.50119241,2.432553615,,,,,,
b3_ln_fdd_p8,24-Jun,B3,1,8,LN,FDD,29.16,1.95,30,12.3442623,455,16.07934426,t3,stan,28.20215186,317.5447261,0.990350476,1.512056255,25.01250076,108.8472997,1.305778515,191.8127347,NA,1.861853419,0.279528836,10.05323583,NA,4.646685416,340.629815,NA,711.0885446,42.77738941,bilinear,FALSE,TRUE,-31.08,43.09776465,2.11358893,,,,,,
b1_hn_ww_p1,3-Jul,B1,2,1,HN,WW,29.16,1.95,38,37.37704918,1575,0,t4,stan,34.50241518,282.5739806,0.833058281,1.498909963,25.0027978,160.9527271,1.598669525,311.5398029,NA,4.911630768,0.32737706,15.73574264,NA,8.889384837,347.3920171,NA,710.4924345,42.75613418,bilinear,FALSE,TRUE,-30.55,42.43278022,2.809771288,27.0176,48.27,6.06,13.2,25.83,38.5
b1_hn_ww_p2,3-Jul,B1,2,2,HN,WW,29.16,1.95,38,37.37704918,1575,0,t4,stan,33.69725992,278.0416722,0.734355281,1.499691303,25.00944778,159.4726703,2.669661374,291.9924322,NA,5.929989356,0.528892972,14.34581436,NA,10.17560899,319.6827844,NA,710.9001446,42.77068622,bilinear,FALSE,TRUE,-31.13,42.66009532,2.347702903,51.0808,73.74,10.26,13.73,59.65,53.3
b1_hn_ww_p3,3-Jul,B1,2,3,HN,WW,29.16,1.95,38,37.37704918,1575,0,t4,stan,25.71604946,240.2453735,0.326024319,1.491816214,24.98355703,205.9510997,10.2699241,430.7825179,NA,16.01410194,1.959865779,19.62483145,NA,21.47892089,324.2768801,NA,709.3138284,42.71404912,bilinear,FALSE,TRUE,-30.2,40.40104644,3.426185649,14.0818,43.96,8.18,17.5,41.46,30.7
b1_hn_ww_p4,3-Jul,B1,2,4,HN,WW,29.16,1.95,38,36.39344262,1575,0,t4,stan,30.77902616,284.9507827,0.692771302,1.498537605,24.98132797,135.2136364,1.484554535,229.1545032,NA,3.266117689,0.287110497,10.49800468,NA,14.53536549,298.1361738,NA,709.1769518,42.70916739,bilinear,FALSE,TRUE,-30.76,38.85166819,1.996740295,39.3406,36.65,11.02,7.62,31.48,43.3
b1_hn_ww_p5,3-Jul,B1,2,5,HN,WW,29.16,1.95,38,37.37704918,1575,0,t4,stan,25.07440216,324.3597096,1.032867576,1.505809109,25.01800053,101.4277447,1.188449611,186.4848467,NA,3.076271809,0.265417563,10.91833818,NA,3.005137494,375.308509,NA,711.4257193,42.78942418,bilinear,FALSE,TRUE,-31.08,40.88256149,2.672555731,15.9452,29.3,12.29,10.96,15.55,32.2
b1_hn_ww_p6,3-Jul,B1,2,6,HN,WW,29.16,1.95,38,37.37704918,1575,0,t4,stan,36.60671023,269.8087391,0.759344674,1.493231509,25.00103659,164.9925318,1.609780949,274.1449463,NA,2.860908443,0.26835548,14.68689347,NA,6.250531651,268.6057957,NA,710.3841684,42.7522749,bilinear,FALSE,TRUE,-31.36,42.32222646,2.945469558,29.9849,58.24,8.71,5.86,84.98,40.4
b1_hn_ww_p7,3-Jul,B1,2,7,HN,WW,29.16,1.95,38,37.3852459,1575,0,t4,stan,24.23333346,299.5245436,0.575923417,1.514038807,25.0374616,110.9613823,1.948656714,199.7781903,NA,4.145147086,0.406070308,13.12046847,NA,5.702203569,353.7404447,NA,712.6274802,42.83216819,bilinear,FALSE,TRUE,-30.95,40.38191467,2.083597489,17.5122,36.25,6.06,3.4,59.03,26.15
b1_hn_ww_p8,3-Jul,B1,2,8,HN,WW,29.16,1.95,38,36.39344262,1575,0,t4,stan,30.71415094,289.4229264,0.738804301,1.502125841,25.00489508,134.7306789,1.657943078,244.2545605,NA,3.004764945,0.336361405,12.39540762,NA,10.29781757,336.8002398,NA,710.6214263,42.7607311,bilinear,FALSE,TRUE,-30.67,42.63047009,2.373401648,27.1159,66.1,8.21,5,106.83,35.2
b5_hn_spd_p1,3-Jul,B5,7,1,HN,SPD,29.16,1.95,38,20.32786885,1575,16.9157377,t4,stan,30.53147073,281.0752679,0.63758445,1.499179682,24.99080649,140.7593042,2.074582993,256.7905585,NA,4.20020518,0.420054744,14.14740508,NA,6.687259749,334.5647813,NA,709.757556,42.72989946,bilinear,FALSE,TRUE,-29.17,66.88040456,3.235790757,21.5624,47.99,17.38,8.48,21.35,33.4
b5_hn_spd_p2,3-Jul,B5,7,2,HN,SPD,29.16,1.95,38,20.67213115,1575,16.57147541,t4,stan,26.90402668,285.5036387,0.549797611,1.502817546,25.00645055,125.8661961,2.784213995,224.3175841,NA,4.893746428,0.55917016,11.25013292,NA,9.401727069,334.1902125,NA,710.7192159,42.76417939,bilinear,FALSE,TRUE,-29.17,66.88040456,3.235790757,26.7205,53.93,13.19,4.04,20.31,32.1
b5_hn_spd_p3,3-Jul,B5,7,3,HN,SPD,29.16,1.95,38,20.26229508,1575,16.98131148,t4,yadi,22.03821384,275.6125824,0.351769623,1.506104256,25.00099093,91.10477814,0.689083109,157.2663079,NA,-0.278612129,0.136513153,8.774822159,NA,5.092606844,339.1953626,NA,710.3813024,42.75217376,bilinear,FALSE,TRUE,-30.44,40.00024048,1.743274035,27.3388,59.25,10.22,8.65,31.21,41
b5_hn_spd_p4,3-Jul,B5,7,4,HN,SPD,29.16,1.95,38,20.96721311,1575,16.27639344,t4,stan,34.44153767,273.1554358,0.706557393,1.50794464,25.01418533,152.4833336,1.834423093,269.8386704,NA,2.9132861,0.350649347,13.85516447,NA,4.053521396,308.5251818,NA,711.1909053,42.78105886,bilinear,FALSE,TRUE,-30.13,42.59177141,2.58678756,18.0803,47.24,9.06,6.22,57.32,32.9
b5_hn_spd_p5,7-Jul,B5,7,5,HN,SPD,29.16,1.95,41,24.96721311,1680,15.21639344,t4,stan,39.86759258,268.7022938,0.870329967,1.513644936,25.06845429,181.4299966,1.348730127,337.7275077,NA,2.77980124,0.251717458,16.96083582,NA,3.739908209,307.7285291,NA,714.5609824,42.90059787,bilinear,FALSE,TRUE,-29.99,39.47669775,3.183169295,12.0203,20.97,4.1,3.89,16,23.7
b5_hn_spd_p6,3-Jul,B5,7,6,HN,SPD,29.16,1.95,38,20.18032787,1575,17.06327869,t4,yadi,33.71612598,273.0041832,0.639147194,1.506050349,25.00932905,137.4246437,2.286810462,179.9142859,NA,-1.85863655,0.323540466,10.59305218,NA,18.93189967,186.4671787,NA,710.8932301,42.7704331,bilinear,FALSE,TRUE,-30.16,34.67423793,1.653859335,23.4925,55.68,22.74,8.44,63.92,41.2
b5_hn_spd_p7,3-Jul,B5,7,7,HN,SPD,29.16,1.95,38,20.1147541,1575,17.12885246,t4,yadi,28.94064212,279.550252,0.54362677,1.502894711,25.0022919,118.9314524,1.148267329,177.6982112,NA,-0.92728489,0.155076966,9.57383096,NA,5.702802134,245.6647317,NA,710.4615559,42.75502967,bilinear,FALSE,TRUE,-29.85,36.62167804,1.547452948,25.899,61.57,15.69,11.92,30.84,43.7
b5_hn_spd_p8,3-Jul,B5,7,8,HN,SPD,29.16,1.95,38,20.36065574,1575,16.88295082,t4,yadi,27.79633991,237.0617976,0.338917738,1.515664812,25.01007483,132.458325,1.584984706,192.5832212,NA,-0.325279089,0.190083151,9.955845589,NA,4.327933266,228.3471931,NA,710.9403919,42.77209146,bilinear,FALSE,TRUE,-30.69,39.37212735,1.539733818,23.1343,47.04,11.83,4.21,41.99,33
b6_hn_fdd_p1,4-Jul,B6,1,1,HN,FDD,29.16,1.95,38,14.60655738,1575,22.89934426,t4,stan,28.0255178,284.785663,0.580976448,1.506514943,25.02978166,132.7795507,2.186398356,247.6269606,NA,5.048405218,0.453871487,14.60101831,NA,5.510856471,356.6493127,NA,712.1552951,42.81533792,bilinear,FALSE,TRUE,-30.58,41.21219204,2.314097034,24.1954,45.5,11.85,6.17,42.22,33.4
b6_hn_fdd_p2,4-Jul,B6,1,2,HN,FDD,29.16,1.95,38,16.19672131,1575,21.44032787,t4,stan,27.6469311,290.7312648,0.619473403,1.516855533,25.01579154,124.9650822,2.246760971,220.110596,NA,4.6513723,0.455537806,NA,NA,6.445049133,328.2277706,NA,711.2918265,42.78461852,bilinear,FALSE,TRUE,-30.08,40.20691309,2.375277691,12.99,45.34,7.62,4.46,13.2,26.2
b6_hn_fdd_p3,7-Jul,B6,1,3,HN,FDD,29.16,1.95,41,20.13114754,1680,20.57704918,t4,stan,39.32751078,261.0996784,0.764348976,1.499513319,25.00093228,193.4317458,1.978119456,366.2220617,NA,4.569752126,0.364760049,17.83010472,NA,7.741221393,300.3038314,NA,710.3778908,42.7520488,bilinear,FALSE,TRUE,-30.57,41.57650645,3.709814359,16.4047,30.92,8.9,3.64,25.41,25.3
b6_hn_fdd_p4,4-Jul,B6,1,4,HN,FDD,29.16,1.95,38,14.14754098,1575,23.34196721,t4,yadi,29.08177721,230.1394227,0.341355,1.515393239,25.01308223,145.862197,2.317079233,232.5444423,NA,0.52366688,0.369892346,14.31416934,NA,7.379231391,262.3569035,NA,711.1259462,42.77869395,bilinear,FALSE,TRUE,-30.45,43.49287458,2.402042871,19.7841,43.75,14.15,9.22,33.06,31.2
b6_hn_fdd_p5,4-Jul,B6,1,5,HN,FDD,29.16,1.95,38,16.83606557,1575,20.78459016,t4,yadi,31.49418874,250.9537643,0.453915091,1.506518698,25.01692184,135.9065907,1.44873625,226.4137248,NA,-1.213287375,0.253970595,12.40738533,NA,3.766015685,289.8488321,NA,711.3600065,42.78707143,bilinear,FALSE,TRUE,-30.33,40.20645417,2.024508409,20.192,42.49,11.36,0.91,50.06,28
b6_hn_fdd_p6,4-Jul,B6,1,6,HN,FDD,29.16,1.95,38,14.73770492,1575,22.75180328,t4,yadi,8.203774541,99.60245475,0.043536056,1.500838594,24.99517391,146.8375835,6.229899361,195.117376,NA,3.067262835,0.568231888,11.80012587,NA,10.82320872,188.5583585,NA,710.027593,42.73949827,bilinear,FALSE,TRUE,-29.09,42.09714637,1.944986307,32.0929,40.9,14.22,7.38,34.28,29.6
b6_hn_fdd_p7,4-Jul,B6,1,7,HN,FDD,29.16,1.95,38,13.45901639,1575,24.07967213,t4,stan,23.22445866,266.0645461,0.354558225,1.518609861,25.06815534,121.9923492,2.936244175,220.2741846,NA,5.383365438,0.582087243,12.14408234,NA,6.260965055,344.7129654,NA,709.5292306,42.72160402,bilinear,FALSE,TRUE,-30.01,43.40468321,2.029627739,26.8684,49.1,22.26,6.63,27.42,34.3
b6_hn_fdd_p8,7-Jul,B6,1,8,HN,FDD,29.16,1.95,41,18.6147541,1680,21.86393443,t4,stan,43.44563946,256.8973525,0.873130857,1.506966289,25.02582,209.1085833,1.612985093,403.4700964,NA,3.392874153,0.287721241,18.67544218,NA,10.94299237,291.1528877,NA,711.9109934,42.80664286,bilinear,FALSE,TRUE,-30.35,39.39733115,3.155662312,17.4136,34.04,15.24,5.64,41.12,28.75
b7_ln_ww_p1,4-Jul,B7,3,1,LN,WW,29.16,1.95,38,37.76229508,525,0,t4,yadi,98.34144434,266.4674219,2.161197612,1.502577711,25.00658491,188.5406052,18.48647334,266.7074214,NA,-36.77787725,4.527676065,NA,NA,100.7660956,194.887114,NA,710.7249683,42.76442781,bilinear,FALSE,FALSE,-31.15,41.16086806,2.484908464,12.957,9.69,2,3.2,10.85,10.05
b7_ln_ww_p2,4-Jul,B7,3,2,LN,WW,29.16,1.95,38,37.68032787,525,0,t4,stan,29.28972915,294.7041563,0.72893371,1.513093542,25.07696248,126.1836208,1.491670336,227.5670506,NA,3.489143062,0.309272709,12.25840842,NA,3.841472458,343.5471226,NA,715.0938263,42.91942133,bilinear,FALSE,TRUE,-30.86,41.24155275,1.805562493,11.9821,11.98,0.63,2.8,7.21,11.05
b7_ln_ww_p3,4-Jul,B7,3,3,LN,WW,29.16,1.95,38,37.86885246,525,0,t4,stan,30.08710552,294.0034324,0.756307547,1.505947582,25.01343373,127.0819786,1.330382395,220.516859,NA,2.763042863,0.267203519,11.51650924,NA,6.66043045,317.8743675,NA,711.1473978,42.77946137,bilinear,FALSE,TRUE,-30.89,41.83592576,2.979918012,10.9544,9.66,0.05,3.1,8.08,8.1
b7_ln_ww_p4,3-Jul,B7,3,4,LN,WW,29.16,1.95,38,37.5,525,0,t4,stan,30.94675497,286.6567286,0.713612879,1.497523368,24.97309337,128.1691205,1.344078038,228.1039792,NA,1.711361386,0.269962458,12.37451344,NA,4.459763144,330.374614,NA,708.6808517,42.69130894,bilinear,FALSE,TRUE,-30.5,42.16643807,2.357156935,13.298,16.23,0.7,2.1,23.34,14.25
b7_ln_ww_p5,3-Jul,B7,3,5,LN,WW,29.16,1.95,38,37.39344262,525,0,t4,stan,21.35168072,313.3370008,0.589170394,1.503164,25.0003249,81.69949416,1.066452428,137.9666683,NA,1.062808153,0.215067835,8.645335068,NA,4.055061131,330.6324705,NA,710.3415506,42.75073617,bilinear,FALSE,TRUE,-30.23,37.85469974,1.336613896,10.4069,31.38,7.39,5.7,14.22,19.7
b7_ln_ww_p6,3-Jul,B7,3,6,LN,WW,29.16,1.95,38,37.37704918,525,0,t4,stan,28.42006857,285.5944029,0.607192692,1.49531849,24.98909029,119.5344728,1.522618289,205.1804691,NA,2.160544936,0.301204464,11.28537117,NA,3.247216866,316.2581555,NA,709.6528877,42.72615406,bilinear,FALSE,TRUE,-30.8,39.49237705,1.645340794,17.9775,32.47,2.8,4.67,54.15,24.5
b7_ln_ww_p7,3-Jul,B7,3,7,LN,WW,29.16,1.95,38,37.39344262,525,0,t4,stan,24.6382269,302.1332035,0.615920537,1.504306606,25.00579234,97.06111764,1.389645276,165.9613977,NA,1.347652107,0.282800311,9.275227029,NA,3.763030464,329.4300526,NA,710.6757073,42.76268117,bilinear,FALSE,TRUE,-30.81,35.85974074,1.781599486,10.0098,16.27,6.16,5.4,14.21,19.1
b7_ln_ww_p8,3-Jul,B7,3,8,LN,WW,29.16,1.95,38,37.3852459,525,0,t4,stan,24.62814659,301.3281869,0.607640257,1.505390444,24.98261521,96.68081142,1.464838675,166.6676461,NA,1.235877867,0.303138945,9.603085149,NA,3.642942389,334.07201,NA,709.2569731,42.71200448,bilinear,FALSE,TRUE,-31.04,39.46342063,1.752208393,10.612,26.55,6.74,8.5,16.05,18.25
b2_ln_spd_p1,4-Jul,B2,5,1,LN,SPD,29.16,1.95,38,21.16393443,525,16.07967213,t4,stan,18.83718146,305.518883,0.422004813,1.509898691,25.00774627,93.79707423,3.430065068,171.5358484,NA,6.159805903,0.763170264,11.05013875,NA,9.412647386,377.3924959,NA,710.797079,42.76698584,bilinear,FALSE,TRUE,-30.29,40.50174365,1.453814353,12.0487,37.98,6.69,5.92,11.72,23.1
b2_ln_spd_p2,7-Jul,B2,5,2,LN,SPD,29.16,1.95,41,27.52459016,560,12.67540984,t4,stan,30.89407534,302.8008133,0.938404831,1.506265657,25.02012505,123.5559484,1.092577092,200.8095666,NA,1.413118145,0.167848701,10.31984437,NA,8.379057205,284.7892849,NA,711.5572819,42.79409723,bilinear,FALSE,TRUE,-30.47,40.63117711,1.855237338,6.5727,12.76,0.96,1.56,10.85,13.3
b2_ln_spd_p3,4-Jul,B2,5,3,LN,SPD,29.16,1.95,38,21.43442623,525,15.80918033,t4,stan,17.79876724,323.0239509,0.518545962,1.501603801,24.9882402,72.2112885,1.093910688,131.2627495,NA,2.254065944,0.249341794,8.368473976,NA,3.557638972,388.7021907,NA,709.601182,42.72430141,bilinear,FALSE,TRUE,-30.32,39.95026473,1.438891211,6.8787,33.87,8.05,3.58,24.15,20.65
b2_ln_spd_p4,7-Jul,B2,5,4,LN,SPD,29.16,1.95,41,24.86885246,560,15.3147541,t4,stan,24.67482182,306.3843689,0.655336905,1.504310483,25.00662413,101.9531846,1.275915253,182.3373019,NA,2.80831297,0.274618561,10.40446503,NA,3.672005451,355.282765,NA,710.7272074,42.76451059,bilinear,FALSE,TRUE,-30.19,37.99154984,1.419135206,8.1734,19.6,4.47,0.8,21.35,16.9
b2_ln_spd_p5,4-Jul,B2,5,5,LN,SPD,29.16,1.95,38,21.36885246,525,15.8747541,t4,stan,24.4332365,302.0019465,0.598546763,1.499478016,24.9961583,110.0434146,2.799782871,201.9202926,NA,5.247100397,0.5983555,10.60110309,NA,10.36270515,365.720067,NA,710.0849339,42.74159712,bilinear,FALSE,TRUE,-30.3,36.5335726,1.182349116,15.6357,27.42,5.73,2.5,29.86,22.15
b2_ln_spd_p6,4-Jul,B2,5,6,LN,SPD,29.16,1.95,38,21.47540984,525,15.76819672,t4,yadi,21.03197546,285.7806297,0.367424156,1.506222871,25.00381131,83.049644,1.687296935,122.1974358,NA,-0.360861602,0.254948381,7.769140271,NA,5.79902867,252.4581426,NA,710.5542279,42.7583457,bilinear,FALSE,TRUE,-30.25,40.63374544,1.504601929,12.0954,40.76,9.42,2.83,32.86,22
b2_ln_spd_p7,7-Jul,B2,5,7,LN,SPD,29.16,1.95,41,23.89344262,560,16.29016393,t4,stan,16.99580329,323.0136462,0.48049328,1.505494963,25.01171253,67.99735521,1.037945894,114.6986995,NA,2.447385427,0.225517944,8.246374345,NA,3.319052858,337.9758491,NA,711.0405855,42.7756713,bilinear,FALSE,TRUE,-30.71,40.24999001,1.3562687,5.9214,21.65,6.43,3.35,10.3,17.15
b2_ln_spd_p8,4-Jul,B2,5,8,LN,SPD,29.16,1.95,38,21.13114754,525,16.11245902,t4,yadi,25.42952873,271.5127577,0.409573821,1.504631401,25.00331896,109.6441515,1.681825466,149.0031287,NA,-0.661929379,0.220558532,7.700784042,NA,6.49500418,208.5006206,NA,710.5269238,42.75732117,bilinear,FALSE,TRUE,-31.03,40.55511036,1.480856081,15.4936,36.54,9.47,2.25,16.54,25.5
b3_ln_fdd_p1,7-Jul,B3,6,1,LN,FDD,29.16,1.95,41,20.49180328,560,19.69180328,t4,stan,12.24757678,353.0532318,0.597942412,1.505850233,25.01172727,57.63198523,3.082592068,108.6007668,NA,5.115589993,0.765823341,7.777220372,NA,9.518502076,430.9274091,NA,711.0402571,42.77568094,bilinear,FALSE,TRUE,-31.32,37.08952916,1.027019907,4.0135,15.68,5.06,9.08,8.2,16.6
b3_ln_fdd_p2,7-Jul,B3,6,2,LN,FDD,29.16,1.95,41,19.16393443,560,21.01967213,t4,stan,29.60814371,287.8154975,0.666172799,1.49590934,24.99483847,128.221727,2.019894792,226.8974746,NA,3.640561025,0.408701227,12.88774921,NA,5.389070271,327.7041161,NA,710.0055473,42.73873712,bilinear,FALSE,TRUE,-31.71,30.29669124,1.615414806,11.3379,23.6,3.62,3.29,16.98,24.6
b3_ln_fdd_p3,7-Jul,B3,6,3,LN,FDD,29.16,1.95,41,30.60655738,560,9.57704918,t4,stan,16.47438538,305.0056651,0.345302052,1.506021749,25.00857075,67.15729024,1.314891729,109.5287184,NA,2.176628469,0.270997507,7.615216753,NA,5.523609803,316.3998365,NA,710.8504857,42.76884251,bilinear,FALSE,TRUE,-31.22,38.24661551,1.213544137,3.3738,9.47,1.81,1.16,6.45,8.4
b3_ln_fdd_p4,7-Jul,B3,6,4,LN,FDD,29.16,1.95,41,19.19672131,560,20.98688525,t4,stan,28.6808072,294.2315456,0.697052762,1.510162199,25.05094597,119.807584,1.280399305,196.9434704,NA,2.152874385,0.229980283,10.48915481,NA,5.946341824,293.9091122,NA,713.4527956,42.86164999,bilinear,FALSE,TRUE,-30.25,40.52796901,2.257877109,14.8876,16.47,0.71,5.46,37.17,13.3
b3_ln_fdd_p5,4-Jul,B3,6,5,LN,FDD,29.16,1.95,38,16.18032787,525,21.06327869,t4,stan,21.4723588,300.4393845,0.475056489,1.502845048,25.02011762,89.21058242,1.472151455,150.6630158,NA,2.725603551,0.30688297,8.10408232,NA,3.558945197,326.9466751,NA,711.5603382,42.79414533,bilinear,FALSE,TRUE,-30.92,29.02090706,1.038835269,17.6311,40.4,8.83,4.47,29.17,23.4
b3_ln_fdd_p6,4-Jul,B3,6,6,LN,FDD,29.16,1.95,38,16.91803279,525,20.32557377,t4,yadi,21.71352417,195.1190834,0.189213711,1.505379884,25.00140862,137.2439527,3.111660106,201.3072949,NA,2.30774951,0.438310907,12.28146084,NA,9.384593327,229.8446793,NA,710.4067298,42.75308446,bilinear,FALSE,TRUE,-30.3,40.04779375,1.504588077,15.238,42.65,4.65,2.31,36.9,21.5
b3_ln_fdd_p7,7-Jul,B3,6,7,LN,FDD,29.16,1.95,41,22.78688525,560,17.41311475,t4,stan,21.34190135,321.79057,0.688020158,1.509570202,25.01765573,83.8720934,1.287771694,138.395743,NA,2.480581811,0.274000984,NA,NA,4.680962942,315.4298531,NA,711.4064126,42.78870328,bilinear,FALSE,TRUE,-29.74,38.88312538,2.139565904,7.7276,13.67,4.8,3.53,4.62,14.4
b3_ln_fdd_p8,7-Jul,B3,6,8,LN,FDD,29.16,1.95,41,18.45901639,560,18.78459016,t4,stan,18.85506034,319.3014433,0.529355331,1.509858241,25.04624439,76.89414204,1.184812145,136.9589314,NA,2.278721932,0.26382507,8.810938783,NA,5.210128183,372.1133279,NA,713.1790504,42.85162711,bilinear,FALSE,TRUE,-31.04,41.05445208,1.234908328,11.0175,35.35,5.33,3.34,19.26,20.7
